{"best": [0.9533660432013717, 0.9532371048610081, 0.9532873308180183, 0.9532371048610081, 0.9533659624637079, 0.9532378231610583, 0.9531574708356649, 0.9532625593333479, 0.9561786391466548, 0.9558896467108603, 0.9522125832578917, 0.9627536784664092, 0.95331354127849, 0.9525049373637933, 0.954082621527217, 0.9530206862057751, 0.9531879258868414, 0.9531065756229696, 0.9528512482788262, 0.9534222591599516, 0.9529540189475731, 0.9529096275357759, 0.952795848620352, 0.9530335586153874, 0.9535619620209401, 0.9533539616980694, 0.9533447024363653, 0.9533480628946219, 0.9533309484218093, 0.9532981104483298, 0.953110102905073, 0.9533402877263782, 0.9535705099975148, 0.9529381267283062, 0.9532501786125573, 0.9532404194111637, 0.9531667845719293, 0.9529323444237618, 0.953444213403645, 0.9532110104544635, 0.9533386446128382, 0.9532294279578165, 0.9534482985607619, 0.9521868534681225, 0.9530573817564819, 0.9532233532587829, 0.9528712963403504, 0.9531511528177526, 0.9530376963331386, 0.9523812929674293, 0.9529990035981315, 0.9534951811438168, 0.9531727478016083, 0.9529236270546398, 0.953343895224795, 0.9533629931380672, 0.953242591498263, 0.9527841242744381, 0.9513654112384892, 0.9533477988931712, 0.9533712677579848, 0.953328508464031, 0.9533908083760866, 0.9537670036839748, 0.9534706894548833, 0.9533153196935213, 0.9527972167986472, 0.9534179217953469, 0.9537274130358182, 0.9534073584412784, 0.9539740599937491, 0.9534403877838101, 0.94995973265495, 0.9551582033596429, 0.9592100791416519, 0.9563806712016282, 0.9533984524569848, 0.950943155287569, 0.9578250641507372, 0.9583894157674373, 0.955340312456266, 0.9555569566917327, 0.9536219145042504, 0.9527541008167361, 0.9535978389100109, 0.9532111334816742, 0.953467397116338, 0.9533665606927137, 0.9537071538796429, 0.9531363286785078, 0.9531592832757484, 0.9532223872188736, 0.9532123637025293, 0.9532123637025293, 0.9532637886138441, 0.9527905590405333, 0.9533150268971269, 0.9533407939681916, 0.9533665606927137, 0.95313525505597], "delta": [-5.101630424486636e-05, 7.792203611878268e-05, 2.7696079108574523e-05, 7.792203611878268e-05, -5.093556658097853e-05, 7.720373606856512e-05, 0.00015755606146194978, 5.246756377896844e-05, -0.0028636122495279137, -0.002574619813733414, 0.0011024436392351733, -0.009438651569282364, 1.4856186368872315e-06, 0.0008100895333336133, -0.0007675946300901293, 0.0002943406913518132, 0.0001271010102854575, 0.00020845127415725084, 0.0004637786183007142, -0.0001072322628247191, 0.0003610079495537377, 0.00040539936135097765, 0.0005191782767748343, 0.000281468281739472, -0.0002469351238132411, -3.8934800942524994e-05, -2.9675539238382953e-05, -3.30359974950456e-05, -1.592152468243846e-05, 1.6916448797088535e-05, 0.00020492399205385148, -2.5260829251361194e-05, -0.000255483100387921, 0.0003769001688206375, 6.484828456954084e-05, 7.460748596321842e-05, 0.0001482423251976117, 0.0003826824733650369, -0.0001291865065181641, 0.00010401644266333498, -2.3617715711354847e-05, 8.559893931037177e-05, -0.00013327166363497067, 0.0011281734290043977, 0.0002576451406449687, 9.16736383439476e-05, 0.0004437305567764893, 0.0001638740793742377, 0.00027733056398826506, 0.0009337339296975333, 0.0003160232989953826, -0.00018015424668993418, 0.00014227909551856044, 0.0003913998424870391, -2.8868327668130078e-05, -4.7966240940278126e-05, 7.24353988639237e-05, 0.0005309026226887337, 0.0019496156586377156, -3.277199604434511e-05, -5.624086085787017e-05, -1.3481566904172126e-05, -7.578147895970222e-05, -0.00045197678684794074, -0.000155662557756453, -2.927963944632239e-07, 0.0005178100984797318, -0.0001028948982200184, -0.000412386138691323, -9.23315441515582e-05, -0.0006590330966221858, -0.00012536088668324563, 0.003355294242176843, -0.001843176462515972, -0.005895052244525023, -0.0030656443045012916, -8.342555985796363e-05, 0.002371871609557874, -0.004510037253610322, -0.00507438887031042, -0.002025285559139167, -0.0022419297946058014, -0.00030688760712349605, 0.0005609260803908223, -0.00028281201288404834, 0.00010389341545269382, -0.0001523702192111065, -5.153379558686666e-05, -0.00039212698251600564, 0.00017869821861904445, 0.00015574362137849018, 9.263967825323682e-05, 0.00010266319459761863, 0.00010266319459761863, 5.1238283282795116e-05, 0.0005244678565935468, 0.0, -2.5767071064719538e-05, -5.153379558686666e-05, 0.00017977184115691713], "norm": [-0.540504158569604, 0.8255632231660737, 0.2934325830896235, 0.8255632231660737, -0.5396487645199858, 0.8179530254069444, 1.6692645162865043, 0.5558798668839688, -30.33920924517864, -27.27741134244631, 11.680096792883244, -100.0, 0.0157397338590409, 8.58268289053079, -8.13246070644486, 3.1184612461988825, 1.3466013588116932, 2.208485742133394, 4.913610963350521, -1.1360972702255618, 3.824783094320598, 4.295098281520745, 5.500555592755166, 2.982081494092832, -2.6162118815454485, -0.41250384821107744, -0.31440443606330976, -0.35000759645116747, -0.16868431433844103, 0.17922527039924116, 2.1711151275121408, -0.26763175932430167, -2.706775417151518, 3.993156925585016, 0.6870503068530092, 0.7904464468846893, 1.5705879606792479, 4.054418902488768, -1.3686966360597033, 1.102026511942145, -0.25022340890533096, 0.9068979682325534, -1.4119777878939497, 11.952697064016895, 2.7296816579548544, 0.9712577868887016, 4.701207090010495, 1.7362022336703051, 2.9382434763332506, 9.892662345290141, 3.348182700417348, -1.908686271206763, 1.5074091301516086, 4.14677710702693, -0.3058522444252594, -0.5081895500452834, 0.7674337624630748, 5.624771915689002, 20.65565874878405, -0.3472105713807679, -0.5958569446604358, -0.14283361140321396, -0.8028845900650616, -4.788573701765593, -1.6492033487394457, -0.003102099831888229, 5.486060108044668, -1.0901440472162878, -4.369121326963841, -0.9782281237295246, -6.982280167719902, -1.3281652126160328, 35.548449029483045, -19.527963809094306, -62.45650876349951, -32.479685069404226, -0.8838715916738371, 25.129348108124, -47.782643744240126, -53.76179884449569, -21.45736119479568, -23.75264918033476, -3.2513924777374656, 5.942862455229613, -2.996317967753428, 1.100723071405771, -1.6143218985536878, -0.5459868415376293, -4.154480962006946, 1.8932600415149257, 1.6500621962288586, 0.9814927224851502, 1.087689209036289, 1.087689209036289, 0.5428559673666484, 5.556597282395741, 0.0, -0.2729952565319524, -0.5459868415376293, 1.904634786413516]}