{
"__name__":                                "TrigL2_20221107_v8-12",
"__version__":                             "v12",
"__operation__":                           "loose_cutbased",
"__signature__":                           "electron",
"Model__size":                             5,
"Model__etmin":                            [15, 20, 30, 40, 50],
"Model__etmax":                            [20, 30, 40, 50, 1000000],
"Model__etamin":                           [0.0, 0.0, 0.0, 0.0, 0.0],
"Model__etamax":                           [0.8, 0.8, 0.8, 0.8, 0.8],
"Model__path":                             ["models/v12_lorenzetti.electronLoose.et0_eta0.onnx", "models/v12_lorenzetti.electronLoose.et1_eta0.onnx", "models/v12_lorenzetti.electronLoose.et2_eta0.onnx", "models/v12_lorenzetti.electronLoose.et3_eta0.onnx", "models/v12_lorenzetti.electronLoose.et4_eta0.onnx"],
"Threshold__size":                         [5],
"Threshold__etmin":                        [15, 20, 30, 40, 50],
"Threshold__etmax":                        [20, 30, 40, 50, 1000000],
"Threshold__etamin":                       [0.0, 0.0, 0.0, 0.0, 0.0],
"Threshold__etamax":                       [0.8, 0.8, 0.8, 0.8, 0.8],
"Threshold__slope":                        [0, 0.0, 0, 0, -0.003662371817388992],
"Threshold__offset":                       [0.5072744792104065, 0.0, 0.7012160719656684, 0.8001354333210017, -0.12889794747347316],
"Threshold__MaxAverageMu":                 [100, 100, 100, 100, 100]
}
